{
  "project_info": {
    "project_number": "911449930517",
    "firebase_url": "https://feedall-733eb-default-rtdb.firebaseio.com",
    "project_id": "feedall-733eb",
    "storage_bucket": "feedall-733eb.appspot.com"
  },
  "client": [
    {
      "client_info": {
        "mobilesdk_app_id": "1:911449930517:android:edeb30ca2e742512c2471c",
        "android_client_info": {
          "package_name": "com.example.feed"
        }
      },
      "oauth_client": [
        {
          "client_id": "911449930517-d325lnuipok4nlsflgburo46fgbdhqj8.apps.googleusercontent.com",
          "client_type": 3
        }
      ],
      "api_key": [
        {
          "current_key": "AIzaSyAXJcPG5f3w8A0CvLTkbyewMBVHtI7qOF4"
        }
      ],
      "services": {
        "appinvite_service": {
          "other_platform_oauth_client": [
            {
              "client_id": "911449930517-d325lnuipok4nlsflgburo46fgbdhqj8.apps.googleusercontent.com",
              "client_type": 3
            }
          ]
        }
      }
    }
  ],
  "configuration_version": "1"
}